Pergeseran ke,Periode,Nilai,Tanggal
1,5Y,"Rp1,472.58",24 Jan 25
2,5Y,"Rp1,472.58",24 Jan 25
3,5Y,"Rp1,472.58",24 Jan 25
1,ALL,"Rp1,472.58",24 Jan 25
1,3M,"Rp1,472.58",24 Jan 25
1,1M,"Rp1,472.58",24 Jan 25
1,3Y,"Rp1,472.58",24 Jan 25
1,YTD,"Rp1,472.58",24 Jan 25
4,5Y,"Rp1,472.58",24 Jan 25
2,ALL,"Rp1,472.58",24 Jan 25
2,3M,"Rp1,472.58",24 Jan 25
2,1M,"Rp1,472.58",24 Jan 25
2,3Y,"Rp1,472.58",24 Jan 25
2,YTD,"Rp1,472.58",24 Jan 25
5,5Y,"Rp1,185.04",24 Jan 20
3,ALL,"Rp1,472.58",24 Jan 25
3,3M,"Rp1,472.58",24 Jan 25
3,1M,"Rp1,472.58",24 Jan 25
3,3Y,"Rp1,472.58",24 Jan 25
3,YTD,"Rp1,472.58",24 Jan 25
6,5Y,"Rp1,187.06",4 Feb 20
4,ALL,"Rp1,472.58",24 Jan 25
4,3M,"Rp1,472.58",24 Jan 25
4,1M,"Rp1,472.58",24 Jan 25
4,3Y,"Rp1,472.58",24 Jan 25
4,YTD,"Rp1,472.58",24 Jan 25
7,5Y,"Rp1,188.97",14 Feb 20
5,ALL,"Rp1,002.22",13 Apr 17
5,3M,"Rp1,452.61",24 Okt 24
5,1M,"Rp1,464.59",24 Des 24
5,3Y,"Rp1,290.91",24 Jan 22
5,YTD,"Rp1,466.14",30 Des 24
8,5Y,"Rp1,191.00",25 Feb 20
6,ALL,"Rp1,004.98",2 Mei 17
6,3M,"Rp1,452.73",25 Okt 24
6,1M,"Rp1,465.35",27 Des 24
6,3Y,"Rp1,291.64",31 Jan 22
6,YTD,"Rp1,466.78",2 Jan 25
9,5Y,"Rp1,192.88",6 Mar 20
7,ALL,"Rp1,007.27",16 Mei 17
7,3M,"Rp1,453.27",28 Okt 24
7,1M,"Rp1,465.35",27 Des 24
7,3Y,"Rp1,292.40",7 Feb 22
7,YTD,"Rp1,466.78",2 Jan 25
10,5Y,"Rp1,194.92",17 Mar 20
8,ALL,"Rp1,010.75",2 Jun 17
8,3M,"Rp1,453.27",28 Okt 24
8,1M,"Rp1,465.35",27 Des 24
8,3Y,"Rp1,293.16",14 Feb 22
8,YTD,"Rp1,466.78",2 Jan 25
11,5Y,"Rp1,196.78",27 Mar 20
9,ALL,"Rp1,013.63",19 Jun 17
9,3M,"Rp1,453.27",28 Okt 24
9,1M,"Rp1,465.35",27 Des 24
9,3Y,"Rp1,293.92",21 Feb 22
9,YTD,"Rp1,466.78",2 Jan 25
12,5Y,"Rp1,198.82",7 Apr 20
10,ALL,"Rp1,016.44",4 Jul 17
10,3M,"Rp1,453.27",28 Okt 24
10,1M,"Rp1,465.35",27 Des 24
10,3Y,"Rp1,294.36",25 Feb 22
10,YTD,"Rp1,466.78",2 Jan 25
13,5Y,"Rp1,200.59",17 Apr 20
11,ALL,"Rp1,019.27",21 Jul 17
11,3M,"Rp1,453.27",28 Okt 24
11,1M,"Rp1,465.35",27 Des 24
11,3Y,"Rp1,294.65",4 Mar 22
11,YTD,"Rp1,466.78",2 Jan 25
14,5Y,"Rp1,202.60",28 Apr 20
12,ALL,"Rp1,022.11",7 Agt 17
12,3M,"Rp1,453.27",28 Okt 24
12,1M,"Rp1,465.35",27 Des 24
12,3Y,"Rp1,295.23",10 Mar 22
12,YTD,"Rp1,466.78",2 Jan 25
15,5Y,"Rp1,204.51",8 Mei 20
13,ALL,"Rp1,024.83",22 Agt 17
13,3M,"Rp1,453.63",31 Okt 24
13,1M,"Rp1,465.35",27 Des 24
13,3Y,"Rp1,295.81",16 Mar 22
13,YTD,"Rp1,466.78",2 Jan 25
16,5Y,"Rp1,206.59",19 Mei 20
14,3M,"Rp1,453.63",31 Okt 24
14,ALL,"Rp1,027.77",8 Sep 17
14,1M,"Rp1,465.35",27 Des 24
14,3Y,"Rp1,296.37",22 Mar 22
14,YTD,"Rp1,466.78",2 Jan 25
17,5Y,"Rp1,208.47",29 Mei 20
15,ALL,"Rp1,030.93",25 Sep 17
15,3M,"Rp1,453.63",31 Okt 24
15,1M,"Rp1,465.35",27 Des 24
15,3Y,"Rp1,296.23",28 Mar 22
15,YTD,"Rp1,466.78",2 Jan 25
18,5Y,"Rp1,210.49",9 Jun 20
16,3M,"Rp1,453.63",31 Okt 24
16,ALL,"Rp1,033.71",10 Okt 17
16,1M,"Rp1,465.35",27 Des 24
16,3Y,"Rp1,296.68",4 Apr 22
16,YTD,"Rp1,466.78",2 Jan 25
19,5Y,"Rp1,212.29",19 Jun 20
17,3M,"Rp1,453.63",31 Okt 24
17,ALL,"Rp1,036.87",27 Okt 17
17,1M,"Rp1,465.35",27 Des 24
17,3Y,"Rp1,297.26",11 Apr 22
17,YTD,"Rp1,466.78",2 Jan 25
20,5Y,"Rp1,214.24",30 Jun 20
18,ALL,"Rp1,039.62",13 Nov 17
18,3M,"Rp1,453.63",31 Okt 24
18,1M,"Rp1,465.35",27 Des 24
18,3Y,"Rp1,297.81",18 Apr 22
18,YTD,"Rp1,466.78",2 Jan 25
21,5Y,"Rp1,216.04",10 Jul 20
19,ALL,"Rp1,042.21",28 Nov 17
19,3M,"Rp1,453.96",1 Nov 24
19,1M,"Rp1,465.35",27 Des 24
19,3Y,"Rp1,298.80",25 Apr 22
19,YTD,"Rp1,466.78",2 Jan 25
22,5Y,"Rp1,218.03",21 Jul 20
20,ALL,"Rp1,045.49",15 Des 17
20,3M,"Rp1,453.96",1 Nov 24
20,1M,"Rp1,465.35",27 Des 24
20,3Y,"Rp1,300.02",9 Mei 22
20,YTD,"Rp1,466.78",2 Jan 25
23,5Y,"Rp1,220.35",3 Agt 20
21,3M,"Rp1,454.72",4 Nov 24
21,ALL,"Rp1,048.28",2 Jan 18
21,1M,"Rp1,465.35",27 Des 24
21,3Y,"Rp1,300.02",9 Mei 22
21,YTD,"Rp1,466.78",2 Jan 25
24,5Y,"Rp1,222.44",11 Agt 20
22,3M,"Rp1,454.72",4 Nov 24
22,ALL,"Rp1,050.75",16 Jan 18
22,1M,"Rp1,466.14",30 Des 24
22,3Y,"Rp1,300.07",12 Mei 22
22,YTD,"Rp1,466.78",2 Jan 25
25,5Y,"Rp1,225.01",24 Agt 20
23,ALL,"Rp1,053.48",2 Feb 18
23,3M,"Rp1,454.72",4 Nov 24
23,1M,"Rp1,466.14",30 Des 24
23,3Y,"Rp1,300.55",18 Mei 22
23,YTD,"Rp1,466.78",2 Jan 25
26,5Y,"Rp1,226.41",1 Sep 20
24,ALL,"Rp1,057.60",19 Feb 18
24,3M,"Rp1,454.72",4 Nov 24
24,1M,"Rp1,466.14",30 Des 24
24,3Y,"Rp1,301.23",24 Mei 22
24,YTD,"Rp1,466.78",2 Jan 25
27,5Y,"Rp1,228.19",11 Sep 20
25,3M,"Rp1,454.72",4 Nov 24
25,ALL,"Rp1,059.70",6 Mar 18
25,1M,"Rp1,466.14",30 Des 24
25,3Y,"Rp1,301.94",30 Mei 22
25,YTD,"Rp1,466.78",2 Jan 25
28,5Y,"Rp1,230.36",22 Sep 20
26,ALL,"Rp1,062.01",23 Mar 18
26,3M,"Rp1,454.87",5 Nov 24
26,1M,"Rp1,466.14",30 Des 24
26,3Y,"Rp1,302.64",6 Jun 22
26,YTD,"Rp1,467.08",3 Jan 25
29,5Y,"Rp1,232.09",2 Okt 20
27,ALL,"Rp1,064.38",9 Apr 18
27,3M,"Rp1,454.87",5 Nov 24
27,1M,"Rp1,466.14",30 Des 24
27,3Y,"Rp1,303.73",13 Jun 22
27,YTD,"Rp1,467.08",3 Jan 25
30,5Y,"Rp1,234.08",13 Okt 20
28,ALL,"Rp1,066.51",24 Apr 18
28,3M,"Rp1,455.31",7 Nov 24
28,1M,"Rp1,466.14",30 Des 24
28,3Y,"Rp1,304.80",20 Jun 22
28,YTD,"Rp1,467.08",3 Jan 25
31,5Y,"Rp1,235.71",23 Okt 20
29,3M,"Rp1,455.31",7 Nov 24
29,ALL,"Rp1,069.05",11 Mei 18
29,1M,"Rp1,466.14",30 Des 24
29,3Y,"Rp1,305.88",27 Jun 22
29,YTD,"Rp1,467.08",3 Jan 25
32,5Y,"Rp1,237.49",3 Nov 20
30,ALL,"Rp1,071.54",28 Mei 18
30,3M,"Rp1,455.31",7 Nov 24
30,1M,"Rp1,466.14",30 Des 24
30,3Y,"Rp1,306.01",1 Jul 22
30,YTD,"Rp1,467.08",3 Jan 25
33,5Y,"Rp1,239.33",13 Nov 20
31,3M,"Rp1,455.31",7 Nov 24
31,ALL,"Rp1,074.77",20 Jun 18
31,1M,"Rp1,466.14",30 Des 24
31,3Y,"Rp1,306.64",7 Jul 22
31,YTD,"Rp1,467.08",3 Jan 25
34,5Y,"Rp1,241.10",24 Nov 20
32,ALL,"Rp1,076.00",29 Jun 18
32,3M,"Rp1,456.39",12 Nov 24
32,1M,"Rp1,466.14",30 Des 24
32,3Y,"Rp1,307.04",14 Jul 22
32,YTD,"Rp1,467.08",3 Jan 25
35,5Y,"Rp1,242.61",4 Des 20
33,3M,"Rp1,456.39",12 Nov 24
33,ALL,"Rp1,078.42",16 Jul 18
33,1M,"Rp1,466.14",30 Des 24
33,3Y,"Rp1,307.77",20 Jul 22
33,YTD,"Rp1,467.76",6 Jan 25
36,5Y,"Rp1,244.93",15 Des 20
34,ALL,"Rp1,080.75",31 Jul 18
34,3M,"Rp1,456.39",12 Nov 24
34,1M,"Rp1,466.14",30 Des 24
34,3Y,"Rp1,307.86",26 Jul 22
34,YTD,"Rp1,467.76",6 Jan 25
37,5Y,"Rp1,246.25",28 Des 20
35,ALL,"Rp1,084.01",20 Agt 18
35,3M,"Rp1,456.39",12 Nov 24
35,1M,"Rp1,466.14",30 Des 24
35,3Y,"Rp1,310.20",1 Agt 22
35,YTD,"Rp1,467.76",6 Jan 25
38,5Y,"Rp1,247.13",5 Jan 21
36,3M,"Rp1,456.39",12 Nov 24
36,ALL,"Rp1,086.33",3 Sep 18
36,1M,"Rp1,466.14",30 Des 24
36,3Y,"Rp1,311.08",8 Agt 22
36,YTD,"Rp1,467.76",6 Jan 25
39,5Y,"Rp1,248.51",15 Jan 21
37,ALL,"Rp1,089.30",18 Sep 18
37,3M,"Rp1,456.39",12 Nov 24
37,1M,"Rp1,466.14",30 Des 24
37,3Y,"Rp1,312.57",15 Agt 22
37,YTD,"Rp1,467.76",6 Jan 25
40,5Y,"Rp1,250.15",26 Jan 21
38,3M,"Rp1,456.39",12 Nov 24
38,ALL,"Rp1,092.30",5 Okt 18
38,1M,"Rp1,466.14",30 Des 24
38,3Y,"Rp1,313.22",22 Agt 22
38,YTD,"Rp1,467.76",6 Jan 25
41,5Y,"Rp1,251.61",5 Feb 21
39,ALL,"Rp1,095.37",22 Okt 18
39,3M,"Rp1,456.39",12 Nov 24
39,1M,"Rp1,466.78",2 Jan 25
39,3Y,"Rp1,312.55",29 Agt 22
39,YTD,"Rp1,467.76",6 Jan 25
42,5Y,"Rp1,253.44",16 Feb 21
40,3M,"Rp1,456.39",12 Nov 24
40,ALL,"Rp1,098.24",6 Nov 18
40,1M,"Rp1,466.78",2 Jan 25
40,3Y,"Rp1,313.40",2 Sep 22
40,YTD,"Rp1,467.76",6 Jan 25
43,5Y,"Rp1,254.82",26 Feb 21
41,ALL,"Rp1,101.46",23 Nov 18
41,3M,"Rp1,456.54",14 Nov 24
41,1M,"Rp1,466.78",2 Jan 25
41,3Y,"Rp1,314.09",8 Sep 22
41,YTD,"Rp1,467.76",6 Jan 25
44,5Y,"Rp1,256.40",9 Mar 21
42,3M,"Rp1,456.54",14 Nov 24
42,ALL,"Rp1,104.42",10 Des 18
42,1M,"Rp1,466.78",2 Jan 25
42,3Y,"Rp1,314.98",15 Sep 22
42,YTD,"Rp1,467.76",6 Jan 25
45,5Y,"Rp1,257.85",19 Mar 21
43,3M,"Rp1,456.54",14 Nov 24
43,ALL,"Rp1,107.80",26 Des 18
43,1M,"Rp1,466.78",2 Jan 25
43,3Y,"Rp1,315.56",21 Sep 22
43,YTD,"Rp1,467.76",6 Jan 25
46,5Y,"Rp1,259.28",30 Mar 21
44,3M,"Rp1,456.54",14 Nov 24
44,ALL,"Rp1,111.14",11 Jan 19
44,1M,"Rp1,466.78",2 Jan 25
44,3Y,"Rp1,316.30",27 Sep 22
44,YTD,"Rp1,467.76",6 Jan 25
47,5Y,"Rp1,260.50",9 Apr 21
45,ALL,"Rp1,114.65",28 Jan 19
45,3M,"Rp1,456.70",15 Nov 24
45,1M,"Rp1,466.78",2 Jan 25
45,3Y,"Rp1,317.01",3 Okt 22
45,YTD,"Rp1,467.76",6 Jan 25
48,5Y,"Rp1,261.82",20 Apr 21
46,3M,"Rp1,456.70",15 Nov 24
46,ALL,"Rp1,117.67",12 Feb 19
46,1M,"Rp1,466.78",2 Jan 25
46,3Y,"Rp1,317.84",10 Okt 22
46,YTD,"Rp1,467.76",6 Jan 25
49,5Y,"Rp1,262.96",30 Apr 21
47,3M,"Rp1,457.54",18 Nov 24
47,ALL,"Rp1,121.06",1 Mar 19
47,1M,"Rp1,466.78",2 Jan 25
47,3Y,"Rp1,318.59",17 Okt 22
47,YTD,"Rp1,467.76",6 Jan 25
50,5Y,"Rp1,264.08",11 Mei 21
48,3M,"Rp1,457.54",18 Nov 24
48,ALL,"Rp1,124.44",18 Mar 19
48,1M,"Rp1,466.78",2 Jan 25
48,3Y,"Rp1,318.98",24 Okt 22
48,YTD,"Rp1,467.76",6 Jan 25
51,5Y,"Rp1,265.31",21 Mei 21
49,3M,"Rp1,457.54",18 Nov 24
49,ALL,"Rp1,127.43",2 Apr 19
49,1M,"Rp1,466.78",2 Jan 25
49,3Y,"Rp1,319.90",31 Okt 22
49,YTD,"Rp1,467.76",6 Jan 25
52,5Y,"Rp1,266.61",2 Jun 21
50,ALL,"Rp1,131.34",22 Apr 19
50,3M,"Rp1,457.54",18 Nov 24
50,1M,"Rp1,466.78",2 Jan 25
50,3Y,"Rp1,320.18",4 Nov 22
50,YTD,"Rp1,467.76",6 Jan 25
53,5Y,"Rp1,267.59",11 Jun 21
51,ALL,"Rp1,134.05",6 Mei 19
51,3M,"Rp1,457.54",18 Nov 24
51,1M,"Rp1,466.78",2 Jan 25
51,3Y,"Rp1,321.02",10 Nov 22
51,YTD,"Rp1,467.76",6 Jan 25
54,5Y,"Rp1,268.85",22 Jun 21
52,ALL,"Rp1,137.01",21 Mei 19
52,3M,"Rp1,457.54",18 Nov 24
52,1M,"Rp1,466.78",2 Jan 25
52,3Y,"Rp1,322.08",17 Nov 22
52,YTD,"Rp1,467.76",6 Jan 25
55,5Y,"Rp1,269.93",2 Jul 21
53,3M,"Rp1,457.88",20 Nov 24
53,ALL,"Rp1,140.50",10 Jun 19
53,1M,"Rp1,466.78",2 Jan 25
53,3Y,"Rp1,323.00",23 Nov 22
53,YTD,"Rp1,467.76",6 Jan 25
56,5Y,"Rp1,271.15",13 Jul 21
54,3M,"Rp1,457.88",20 Nov 24
54,ALL,"Rp1,143.22",24 Jun 19
54,1M,"Rp1,466.78",2 Jan 25
54,3Y,"Rp1,323.89",29 Nov 22
54,YTD,"Rp1,468.03",7 Jan 25
57,5Y,"Rp1,272.16",23 Jul 21
55,ALL,"Rp1,146.12",9 Jul 19
55,3M,"Rp1,457.88",20 Nov 24
55,1M,"Rp1,466.78",2 Jan 25
55,3Y,"Rp1,325.14",5 Des 22
55,YTD,"Rp1,468.03",7 Jan 25
58,5Y,"Rp1,273.24",3 Agt 21
56,3M,"Rp1,457.88",20 Nov 24
56,ALL,"Rp1,149.50",26 Jul 19
56,1M,"Rp1,467.08",3 Jan 25
56,3Y,"Rp1,326.25",12 Des 22
56,YTD,"Rp1,468.03",7 Jan 25
59,5Y,"Rp1,274.21",13 Agt 21
57,3M,"Rp1,458.29",21 Nov 24
57,ALL,"Rp1,152.79",12 Agt 19
57,1M,"Rp1,467.08",3 Jan 25
57,3Y,"Rp1,327.30",19 Des 22
57,YTD,"Rp1,468.03",7 Jan 25
60,5Y,"Rp1,275.30",24 Agt 21
58,ALL,"Rp1,155.78",27 Agt 19
58,3M,"Rp1,458.49",22 Nov 24
58,1M,"Rp1,467.08",3 Jan 25
58,3Y,"Rp1,328.40",26 Des 22
58,YTD,"Rp1,468.03",7 Jan 25
61,5Y,"Rp1,276.28",3 Sep 21
59,3M,"Rp1,458.49",22 Nov 24
59,ALL,"Rp1,159.18",13 Sep 19
59,1M,"Rp1,467.08",3 Jan 25
59,3Y,"Rp1,329.37",2 Jan 23
59,YTD,"Rp1,468.03",7 Jan 25
62,5Y,"Rp1,277.37",14 Sep 21
60,3M,"Rp1,459.06",25 Nov 24
60,ALL,"Rp1,162.49",30 Sep 19
60,1M,"Rp1,467.08",3 Jan 25
60,3Y,"Rp1,330.01",6 Jan 23
60,YTD,"Rp1,468.03",7 Jan 25
63,5Y,"Rp1,278.33",24 Sep 21
61,3M,"Rp1,459.06",25 Nov 24
61,ALL,"Rp1,165.45",15 Okt 19
61,1M,"Rp1,467.08",3 Jan 25
61,3Y,"Rp1,330.96",12 Jan 23
61,YTD,"Rp1,468.34",8 Jan 25
64,5Y,"Rp1,279.55",5 Okt 21
62,ALL,"Rp1,168.70",1 Nov 19
62,3M,"Rp1,459.06",25 Nov 24
62,1M,"Rp1,467.76",6 Jan 25
62,3Y,"Rp1,332.02",19 Jan 23
62,YTD,"Rp1,468.34",8 Jan 25
65,5Y,"Rp1,280.30",15 Okt 21
63,3M,"Rp1,459.06",25 Nov 24
63,ALL,"Rp1,172.00",18 Nov 19
63,1M,"Rp1,467.76",6 Jan 25
63,3Y,"Rp1,332.99",25 Jan 23
63,YTD,"Rp1,468.34",8 Jan 25
66,5Y,"Rp1,281.43",26 Okt 21
64,ALL,"Rp1,175.01",4 Des 19
64,3M,"Rp1,459.06",25 Nov 24
64,1M,"Rp1,467.76",6 Jan 25
64,3Y,"Rp1,333.83",31 Jan 23
64,YTD,"Rp1,468.34",8 Jan 25
67,5Y,"Rp1,282.43",5 Nov 21
65,3M,"Rp1,459.06",25 Nov 24
65,ALL,"Rp1,178.23",20 Des 19
65,1M,"Rp1,467.76",6 Jan 25
65,3Y,"Rp1,334.30",6 Feb 23
65,YTD,"Rp1,468.34",8 Jan 25
68,5Y,"Rp1,283.57",16 Nov 21
66,3M,"Rp1,459.30",26 Nov 24
66,ALL,"Rp1,181.54",6 Jan 20
66,1M,"Rp1,467.76",6 Jan 25
66,3Y,"Rp1,335.43",13 Feb 23
66,YTD,"Rp1,468.34",8 Jan 25
69,5Y,"Rp1,284.60",26 Nov 21
67,ALL,"Rp1,184.68",22 Jan 20
67,3M,"Rp1,459.30",26 Nov 24
67,1M,"Rp1,467.76",6 Jan 25
67,3Y,"Rp1,336.55",20 Feb 23
67,YTD,"Rp1,468.34",8 Jan 25
70,5Y,"Rp1,285.71",7 Des 21
68,3M,"Rp1,459.72",28 Nov 24
68,ALL,"Rp1,187.62",7 Feb 20
68,1M,"Rp1,467.76",6 Jan 25
68,3Y,"Rp1,337.62",27 Feb 23
68,YTD,"Rp1,468.66",10 Jan 25
71,5Y,"Rp1,286.78",17 Des 21
69,3M,"Rp1,459.72",28 Nov 24
69,ALL,"Rp1,190.84",24 Feb 20
69,1M,"Rp1,467.76",6 Jan 25
69,3Y,"Rp1,339.17",6 Mar 23
69,YTD,"Rp1,468.66",10 Jan 25
72,5Y,"Rp1,287.97",28 Des 21
70,ALL,"Rp1,193.83",11 Mar 20
70,3M,"Rp1,459.72",28 Nov 24
70,1M,"Rp1,467.76",6 Jan 25
70,3Y,"Rp1,339.70",10 Mar 23
70,YTD,"Rp1,468.66",10 Jan 25
73,5Y,"Rp1,289.08",7 Jan 22
71,ALL,"Rp1,196.78",27 Mar 20
71,3M,"Rp1,459.72",28 Nov 24
71,1M,"Rp1,467.76",6 Jan 25
71,3Y,"Rp1,340.66",16 Mar 23
71,YTD,"Rp1,468.66",10 Jan 25
74,5Y,"Rp1,290.26",18 Jan 22
72,ALL,"Rp1,199.94",13 Apr 20
72,3M,"Rp1,459.94",29 Nov 24
72,1M,"Rp1,467.76",6 Jan 25
72,3Y,"Rp1,341.96",24 Mar 23
72,YTD,"Rp1,468.66",10 Jan 25
75,5Y,"Rp1,291.33",28 Jan 22
73,ALL,"Rp1,202.80",29 Apr 20
73,3M,"Rp1,459.94",29 Nov 24
73,1M,"Rp1,467.76",6 Jan 25
73,3Y,"Rp1,342.84",29 Mar 23
73,YTD,"Rp1,468.66",10 Jan 25
76,5Y,"Rp1,292.51",8 Feb 22
74,ALL,"Rp1,205.84",15 Mei 20
74,3M,"Rp1,460.60",2 Des 24
74,1M,"Rp1,467.76",6 Jan 25
74,3Y,"Rp1,343.62",4 Apr 23
74,YTD,"Rp1,468.66",10 Jan 25
77,5Y,"Rp1,293.60",18 Feb 22
75,3M,"Rp1,460.60",2 Des 24
75,ALL,"Rp1,209.16",2 Jun 20
75,1M,"Rp1,467.76",6 Jan 25
75,3Y,"Rp1,344.56",10 Apr 23
75,YTD,"Rp1,468.66",10 Jan 25
78,5Y,"Rp1,294.81",1 Mar 22
76,ALL,"Rp1,211.93",17 Jun 20
76,3M,"Rp1,460.60",2 Des 24
76,1M,"Rp1,467.76",6 Jan 25
76,3Y,"Rp1,347.97",17 Apr 23
76,YTD,"Rp1,468.66",10 Jan 25
79,5Y,"Rp1,295.33",11 Mar 22
77,ALL,"Rp1,214.75",3 Jul 20
77,3M,"Rp1,460.60",2 Des 24
77,1M,"Rp1,467.76",6 Jan 25
77,3Y,"Rp1,349.73",27 Apr 23
77,YTD,"Rp1,468.66",10 Jan 25
80,5Y,"Rp1,296.37",22 Mar 22
78,3M,"Rp1,460.60",2 Des 24
78,ALL,"Rp1,217.85",20 Jul 20
78,1M,"Rp1,468.03",7 Jan 25
78,3Y,"Rp1,350.34",2 Mei 23
78,YTD,"Rp1,468.66",10 Jan 25
81,5Y,"Rp1,296.68",4 Apr 22
79,3M,"Rp1,460.80",4 Des 24
79,ALL,"Rp1,221.39",5 Agt 20
79,1M,"Rp1,468.03",7 Jan 25
79,3Y,"Rp1,351.09",8 Mei 23
79,YTD,"Rp1,468.66",10 Jan 25
82,5Y,"Rp1,297.35",12 Apr 22
80,3M,"Rp1,460.80",4 Des 24
80,ALL,"Rp1,225.01",24 Agt 20
80,1M,"Rp1,468.03",7 Jan 25
80,3Y,"Rp1,351.80",12 Mei 23
80,YTD,"Rp1,468.66",10 Jan 25
83,5Y,"Rp1,298.52",22 Apr 22
81,3M,"Rp1,460.80",4 Des 24
81,ALL,"Rp1,227.50",7 Sep 20
81,1M,"Rp1,468.03",7 Jan 25
81,3Y,"Rp1,352.94",19 Mei 23
81,YTD,"Rp1,468.66",10 Jan 25
84,5Y,"Rp1,300.02",9 Mei 22
82,3M,"Rp1,460.80",4 Des 24
82,ALL,"Rp1,230.54",23 Sep 20
82,1M,"Rp1,468.03",7 Jan 25
82,3Y,"Rp1,354.09",25 Mei 23
82,YTD,"Rp1,469.33",13 Jan 25
85,5Y,"Rp1,300.10",13 Mei 22
83,ALL,"Rp1,233.25",9 Okt 20
83,3M,"Rp1,460.97",5 Des 24
83,1M,"Rp1,468.03",7 Jan 25
83,3Y,"Rp1,354.42",31 Mei 23
83,YTD,"Rp1,469.33",13 Jan 25
86,5Y,"Rp1,301.23",24 Mei 22
84,ALL,"Rp1,236.20",26 Okt 20
84,3M,"Rp1,460.97",5 Des 24
84,1M,"Rp1,468.34",8 Jan 25
84,3Y,"Rp1,355.51",6 Jun 23
84,YTD,"Rp1,469.33",13 Jan 25
87,5Y,"Rp1,302.25",3 Jun 22
85,ALL,"Rp1,238.79",11 Nov 20
85,3M,"Rp1,461.05",6 Des 24
85,1M,"Rp1,468.34",8 Jan 25
85,3Y,"Rp1,356.60",12 Jun 23
85,YTD,"Rp1,469.33",13 Jan 25
88,5Y,"Rp1,303.71",14 Jun 22
86,ALL,"Rp1,241.57",27 Nov 20
86,3M,"Rp1,461.05",6 Des 24
86,1M,"Rp1,468.34",8 Jan 25
86,YTD,"Rp1,469.33",13 Jan 25
86,3Y,"Rp1,357.88",19 Jun 23
89,5Y,"Rp1,305.27",24 Jun 22
87,ALL,"Rp1,244.82",14 Des 20
87,3M,"Rp1,461.52",9 Des 24
87,1M,"Rp1,468.34",8 Jan 25
87,3Y,"Rp1,358.87",26 Jun 23
87,YTD,"Rp1,469.33",13 Jan 25
90,5Y,"Rp1,306.44",5 Jul 22
88,ALL,"Rp1,246.49",30 Des 20
88,3M,"Rp1,461.52",9 Des 24
88,1M,"Rp1,468.34",8 Jan 25
88,3Y,"Rp1,360.14",3 Jul 23
88,YTD,"Rp1,469.33",13 Jan 25
91,5Y,"Rp1,307.12",15 Jul 22
89,3M,"Rp1,461.52",9 Des 24
89,ALL,"Rp1,248.51",15 Jan 21
89,1M,"Rp1,468.34",8 Jan 25
89,3Y,"Rp1,361.28",10 Jul 23
89,YTD,"Rp1,469.33",13 Jan 25
92,5Y,"Rp1,307.86",26 Jul 22
90,3M,"Rp1,461.52",9 Des 24
90,ALL,"Rp1,251.02",1 Feb 21
90,1M,"Rp1,468.66",10 Jan 25
90,3Y,"Rp1,362.03",14 Jul 23
90,YTD,"Rp1,469.33",13 Jan 25
93,5Y,"Rp1,310.82",5 Agt 22
91,ALL,"Rp1,253.57",17 Feb 21
91,3M,"Rp1,461.52",9 Des 24
91,1M,"Rp1,468.66",10 Jan 25
91,3Y,"Rp1,363.07",20 Jul 23
91,YTD,"Rp1,469.33",13 Jan 25
94,5Y,"Rp1,313.21",16 Agt 22
92,ALL,"Rp1,255.85",5 Mar 21
92,3M,"Rp1,461.52",9 Des 24
92,1M,"Rp1,468.66",10 Jan 25
92,3Y,"Rp1,364.16",26 Jul 23
92,YTD,"Rp1,469.33",13 Jan 25
95,5Y,"Rp1,312.31",26 Agt 22
93,3M,"Rp1,461.71",10 Des 24
93,ALL,"Rp1,258.23",22 Mar 21
93,1M,"Rp1,468.66",10 Jan 25
93,3Y,"Rp1,365.13",2 Agt 23
93,YTD,"Rp1,469.33",13 Jan 25
96,5Y,"Rp1,313.80",6 Sep 22
94,3M,"Rp1,461.86",11 Des 24
94,ALL,"Rp1,260.26",7 Apr 21
94,1M,"Rp1,468.66",10 Jan 25
94,YTD,"Rp1,469.33",13 Jan 25
94,3Y,"Rp1,365.56",8 Agt 23
97,5Y,"Rp1,314.96",16 Sep 22
95,3M,"Rp1,461.86",11 Des 24
95,ALL,"Rp1,262.17",23 Apr 21
95,1M,"Rp1,468.66",10 Jan 25
95,YTD,"Rp1,469.33",13 Jan 25
95,3Y,"Rp1,366.69",14 Agt 23
98,5Y,"Rp1,316.30",27 Sep 22
96,ALL,"Rp1,263.97",10 Mei 21
96,3M,"Rp1,462.04",12 Des 24
96,1M,"Rp1,468.66",10 Jan 25
96,YTD,"Rp1,469.33",13 Jan 25
96,3Y,"Rp1,367.83",21 Agt 23
99,5Y,"Rp1,317.45",7 Okt 22
97,ALL,"Rp1,265.96",27 Mei 21
97,3M,"Rp1,462.04",12 Des 24
97,1M,"Rp1,468.66",10 Jan 25
97,YTD,"Rp1,469.33",13 Jan 25
97,3Y,"Rp1,368.46",28 Agt 23
100,5Y,"Rp1,318.60",18 Okt 22
98,3M,"Rp1,462.63",13 Des 24
98,ALL,"Rp1,267.59",11 Jun 21
98,1M,"Rp1,468.66",10 Jan 25
98,YTD,"Rp1,469.33",13 Jan 25
98,3Y,"Rp1,368.92",4 Sep 23
101,5Y,"Rp1,319.63",28 Okt 22
99,3M,"Rp1,462.63",13 Des 24
99,ALL,"Rp1,269.51",28 Jun 21
99,1M,"Rp1,468.66",10 Jan 25
99,YTD,"Rp1,469.33",13 Jan 25
99,3Y,"Rp1,369.71",11 Sep 23
102,5Y,"Rp1,320.73",8 Nov 22
100,3M,"Rp1,463.29",17 Des 24
100,ALL,"Rp1,271.26",14 Jul 21
100,1M,"Rp1,468.66",10 Jan 25
100,YTD,"Rp1,469.33",13 Jan 25
100,3Y,"Rp1,370.11",15 Sep 23
103,5Y,"Rp1,322.69",21 Nov 22
101,3M,"Rp1,463.29",17 Des 24
101,ALL,"Rp1,272.86",30 Jul 21
101,1M,"Rp1,469.33",13 Jan 25
101,YTD,"Rp1,469.33",13 Jan 25
101,3Y,"Rp1,371.34",21 Sep 23
104,5Y,"Rp1,323.89",29 Nov 22
102,ALL,"Rp1,274.53",16 Agt 21
102,3M,"Rp1,463.29",17 Des 24
102,1M,"Rp1,469.33",13 Jan 25
102,YTD,"Rp1,469.33",13 Jan 25
102,3Y,"Rp1,372.53",27 Sep 23
105,5Y,"Rp1,326.25",12 Des 22
103,3M,"Rp1,463.29",17 Des 24
103,ALL,"Rp1,276.08",1 Sep 21
103,1M,"Rp1,469.33",13 Jan 25
103,YTD,"Rp1,469.57",14 Jan 25
103,3Y,"Rp1,373.87",4 Okt 23
106,5Y,"Rp1,327.45",20 Des 22
104,3M,"Rp1,463.29",17 Des 24
104,ALL,"Rp1,277.66",17 Sep 21
104,1M,"Rp1,469.33",13 Jan 25
104,YTD,"Rp1,469.57",14 Jan 25
104,3Y,"Rp1,375.05",10 Okt 23
107,5Y,"Rp1,329.03",30 Des 22
105,ALL,"Rp1,279.46",4 Okt 21
105,3M,"Rp1,463.29",17 Des 24
105,1M,"Rp1,469.33",13 Jan 25
105,3Y,"Rp1,376.20",16 Okt 23
105,YTD,"Rp1,469.57",14 Jan 25
108,5Y,"Rp1,330.64",10 Jan 23
106,ALL,"Rp1,280.92",21 Okt 21
106,3M,"Rp1,463.29",17 Des 24
106,1M,"Rp1,469.33",13 Jan 25
106,YTD,"Rp1,469.57",14 Jan 25
106,3Y,"Rp1,377.15",23 Okt 23
109,5Y,"Rp1,332.18",20 Jan 23
107,ALL,"Rp1,282.43",5 Nov 21
107,1M,"Rp1,469.33",13 Jan 25
107,3M,"Rp1,463.29",17 Des 24
107,YTD,"Rp1,469.57",14 Jan 25
107,3Y,"Rp1,378.15",31 Okt 23
110,5Y,"Rp1,333.83",31 Jan 23
108,1M,"Rp1,469.33",13 Jan 25
108,ALL,"Rp1,284.19",22 Nov 21
108,3M,"Rp1,463.40",18 Des 24
111,5Y,"Rp1,334.95",10 Feb 23
108,3Y,"Rp1,379.51",6 Nov 23
108,YTD,"Rp1,469.57",14 Jan 25
109,1M,"Rp1,469.33",13 Jan 25
109,ALL,"Rp1,285.81",8 Des 21
109,3M,"Rp1,463.40",18 Des 24
109,3Y,"Rp1,380.44",13 Nov 23
112,5Y,"Rp1,336.70",21 Feb 23
109,YTD,"Rp1,469.57",14 Jan 25
110,3M,"Rp1,463.60",19 Des 24
110,ALL,"Rp1,287.53",24 Des 21
110,1M,"Rp1,469.33",13 Jan 25
110,3Y,"Rp1,381.55",17 Nov 23
113,5Y,"Rp1,338.63",3 Mar 23
110,YTD,"Rp1,469.80",15 Jan 25
111,1M,"Rp1,469.33",13 Jan 25
111,3M,"Rp1,463.74",20 Des 24
111,ALL,"Rp1,289.40",10 Jan 22
114,5Y,"Rp1,340.35",14 Mar 23
111,YTD,"Rp1,469.80",15 Jan 25
111,3Y,"Rp1,382.80",23 Nov 23
112,3M,"Rp1,463.74",20 Des 24
112,ALL,"Rp1,291.12",26 Jan 22
112,1M,"Rp1,469.33",13 Jan 25
112,3Y,"Rp1,384.12",29 Nov 23
112,YTD,"Rp1,469.80",15 Jan 25
115,5Y,"Rp1,341.96",24 Mar 23
113,1M,"Rp1,469.33",13 Jan 25
113,ALL,"Rp1,292.83",11 Feb 22
113,3M,"Rp1,464.35",23 Des 24
113,YTD,"Rp1,469.80",15 Jan 25
113,3Y,"Rp1,385.47",6 Des 23
116,5Y,"Rp1,343.62",4 Apr 23
114,3M,"Rp1,464.35",23 Des 24
114,1M,"Rp1,469.33",13 Jan 25
114,ALL,"Rp1,294.81",1 Mar 22
114,YTD,"Rp1,469.80",15 Jan 25
114,3Y,"Rp1,386.71",12 Des 23
117,5Y,"Rp1,347.51",14 Apr 23
115,1M,"Rp1,469.33",13 Jan 25
115,ALL,"Rp1,295.81",16 Mar 22
115,3M,"Rp1,464.35",23 Des 24
115,YTD,"Rp1,469.80",15 Jan 25
118,5Y,"Rp1,349.73",27 Apr 23
115,3Y,"Rp1,387.92",18 Des 23
116,ALL,"Rp1,296.68",4 Apr 22
116,1M,"Rp1,469.33",13 Jan 25
116,3M,"Rp1,464.35",23 Des 24
116,YTD,"Rp1,469.80",15 Jan 25
116,3Y,"Rp1,389.89",27 Des 23
119,5Y,"Rp1,350.62",5 Mei 23
117,ALL,"Rp1,297.81",18 Apr 22
117,1M,"Rp1,469.33",13 Jan 25
117,3M,"Rp1,464.35",23 Des 24
117,3Y,"Rp1,391.33",2 Jan 24
120,5Y,"Rp1,352.52",16 Mei 23
117,YTD,"Rp1,470.11",16 Jan 25
118,3M,"Rp1,464.35",23 Des 24
118,ALL,"Rp1,300.02",9 Mei 22
118,1M,"Rp1,469.57",14 Jan 25
118,3Y,"Rp1,392.51",8 Jan 24
121,5Y,"Rp1,353.67",26 Mei 23
118,YTD,"Rp1,470.11",16 Jan 25
119,ALL,"Rp1,300.73",20 Mei 22
119,3M,"Rp1,464.59",24 Des 24
119,1M,"Rp1,469.57",14 Jan 25
122,5Y,"Rp1,355.51",6 Jun 23
119,YTD,"Rp1,470.11",16 Jan 25
119,3Y,"Rp1,394.10",15 Jan 24
120,ALL,"Rp1,302.64",6 Jun 22
120,1M,"Rp1,469.57",14 Jan 25
120,3M,"Rp1,464.59",24 Des 24
120,3Y,"Rp1,394.84",19 Jan 24
120,YTD,"Rp1,470.11",16 Jan 25
123,5Y,"Rp1,357.33",16 Jun 23
121,1M,"Rp1,469.57",14 Jan 25
121,3M,"Rp1,465.35",27 Des 24
121,ALL,"Rp1,305.00",22 Jun 22
121,3Y,"Rp1,396.10",25 Jan 24
121,YTD,"Rp1,470.11",16 Jan 25
124,5Y,"Rp1,359.06",27 Jun 23
122,1M,"Rp1,469.57",14 Jan 25
122,3M,"Rp1,465.35",27 Des 24
122,ALL,"Rp1,306.71",8 Jul 22
122,YTD,"Rp1,470.11",16 Jan 25
122,3Y,"Rp1,397.28",31 Jan 24
125,5Y,"Rp1,360.78",7 Jul 23
123,ALL,"Rp1,308.55",25 Jul 22
123,1M,"Rp1,469.80",15 Jan 25
123,3M,"Rp1,465.35",27 Des 24
123,YTD,"Rp1,470.11",16 Jan 25
123,3Y,"Rp1,398.72",7 Feb 24
126,5Y,"Rp1,362.74",18 Jul 23
124,1M,"Rp1,469.80",15 Jan 25
124,ALL,"Rp1,311.34",10 Agt 22
124,3M,"Rp1,465.35",27 Des 24
127,5Y,"Rp1,364.48",28 Jul 23
124,YTD,"Rp1,470.49",17 Jan 25
124,3Y,"Rp1,399.93",13 Feb 24
125,3M,"Rp1,465.35",27 Des 24
125,1M,"Rp1,469.80",15 Jan 25
125,ALL,"Rp1,312.31",26 Agt 22
128,5Y,"Rp1,365.56",8 Agt 23
125,YTD,"Rp1,470.49",17 Jan 25
125,3Y,"Rp1,401.14",19 Feb 24
126,1M,"Rp1,469.80",15 Jan 25
126,3M,"Rp1,465.35",27 Des 24
126,ALL,"Rp1,314.62",12 Sep 22
126,YTD,"Rp1,470.49",17 Jan 25
129,5Y,"Rp1,367.34",18 Agt 23
126,3Y,"Rp1,402.48",26 Feb 24
127,3M,"Rp1,466.14",30 Des 24
127,ALL,"Rp1,316.42",28 Sep 22
127,1M,"Rp1,469.80",15 Jan 25
127,3Y,"Rp1,403.95",4 Mar 24
127,YTD,"Rp1,470.49",17 Jan 25
130,5Y,"Rp1,368.33",29 Agt 23
128,1M,"Rp1,469.80",15 Jan 25
128,ALL,"Rp1,318.35",14 Okt 22
128,3M,"Rp1,466.14",30 Des 24
128,YTD,"Rp1,470.49",17 Jan 25
131,5Y,"Rp1,369.25",8 Sep 23
128,3Y,"Rp1,405.83",13 Mar 24
129,3M,"Rp1,466.14",30 Des 24
129,1M,"Rp1,470.11",16 Jan 25
129,ALL,"Rp1,319.90",31 Okt 22
129,3Y,"Rp1,406.87",18 Mar 24
129,YTD,"Rp1,470.49",17 Jan 25
132,5Y,"Rp1,370.94",19 Sep 23
130,ALL,"Rp1,321.93",16 Nov 22
130,1M,"Rp1,470.11",16 Jan 25
130,3M,"Rp1,466.14",30 Des 24
130,YTD,"Rp1,470.49",17 Jan 25
133,5Y,"Rp1,372.98",29 Sep 23
130,3Y,"Rp1,407.71",22 Mar 24
131,1M,"Rp1,470.11",16 Jan 25
131,ALL,"Rp1,324.35",2 Des 22
131,3M,"Rp1,466.14",30 Des 24
131,YTD,"Rp1,471.31",20 Jan 25
131,3Y,"Rp1,409.04",28 Mar 24
134,5Y,"Rp1,375.05",10 Okt 23
132,1M,"Rp1,470.11",16 Jan 25
132,ALL,"Rp1,327.30",19 Des 22
132,3M,"Rp1,466.78",2 Jan 25
132,YTD,"Rp1,471.31",20 Jan 25
132,3Y,"Rp1,410.16",3 Apr 24
135,5Y,"Rp1,376.67",20 Okt 23
133,3M,"Rp1,466.78",2 Jan 25
133,ALL,"Rp1,329.69",4 Jan 23
133,1M,"Rp1,470.11",16 Jan 25
136,5Y,"Rp1,378.15",31 Okt 23
133,YTD,"Rp1,471.31",20 Jan 25
133,3Y,"Rp1,412.54",16 Apr 24
134,1M,"Rp1,470.11",16 Jan 25
134,3M,"Rp1,466.78",2 Jan 25
134,ALL,"Rp1,332.18",20 Jan 23
134,YTD,"Rp1,471.31",20 Jan 25
137,5Y,"Rp1,379.95",10 Nov 23
134,3Y,"Rp1,412.54",16 Apr 24
135,3M,"Rp1,466.78",2 Jan 25
135,1M,"Rp1,470.49",17 Jan 25
135,ALL,"Rp1,334.30",6 Feb 23
138,5Y,"Rp1,382.29",21 Nov 23
135,YTD,"Rp1,471.31",20 Jan 25
135,3Y,"Rp1,413.73",22 Apr 24
136,3M,"Rp1,466.78",2 Jan 25
136,1M,"Rp1,470.49",17 Jan 25
136,ALL,"Rp1,336.85",22 Feb 23
136,YTD,"Rp1,471.31",20 Jan 25
136,3Y,"Rp1,414.53",29 Apr 24
139,5Y,"Rp1,384.45",1 Des 23
137,3M,"Rp1,466.78",2 Jan 25
137,ALL,"Rp1,339.70",10 Mar 23
137,1M,"Rp1,470.49",17 Jan 25
137,3Y,"Rp1,415.93",6 Mei 24
137,YTD,"Rp1,471.31",20 Jan 25
140,5Y,"Rp1,386.71",12 Des 23
138,3M,"Rp1,467.08",3 Jan 25
138,ALL,"Rp1,342.52",27 Mar 23
138,1M,"Rp1,470.49",17 Jan 25
138,YTD,"Rp1,471.31",20 Jan 25
141,5Y,"Rp1,388.79",22 Des 23
138,3Y,"Rp1,417.49",13 Mei 24
139,3M,"Rp1,467.08",3 Jan 25
139,ALL,"Rp1,344.86",12 Apr 23
139,1M,"Rp1,470.49",17 Jan 25
139,YTD,"Rp1,471.31",20 Jan 25
139,3Y,"Rp1,419.63",20 Mei 24
142,5Y,"Rp1,391.33",2 Jan 24
140,ALL,"Rp1,349.89",28 Apr 23
140,3M,"Rp1,467.76",6 Jan 25
140,1M,"Rp1,471.31",20 Jan 25
140,3Y,"Rp1,421.24",27 Mei 24
140,YTD,"Rp1,471.31",20 Jan 25
143,5Y,"Rp1,393.45",12 Jan 24
141,3M,"Rp1,467.76",6 Jan 25
141,ALL,"Rp1,352.33",15 Mei 23
141,1M,"Rp1,471.31",20 Jan 25
141,YTD,"Rp1,471.31",20 Jan 25
144,5Y,"Rp1,395.72",23 Jan 24
141,3Y,"Rp1,421.82",30 Mei 24
142,1M,"Rp1,471.31",20 Jan 25
142,3M,"Rp1,467.76",6 Jan 25
142,ALL,"Rp1,354.42",31 Mei 23
142,YTD,"Rp1,471.31",20 Jan 25
145,5Y,"Rp1,397.72",2 Feb 24
142,3Y,"Rp1,423.22",5 Jun 24
143,ALL,"Rp1,357.33",16 Jun 23
143,1M,"Rp1,471.31",20 Jan 25
143,3M,"Rp1,467.76",6 Jan 25
143,YTD,"Rp1,471.31",20 Jan 25
146,5Y,"Rp1,399.93",13 Feb 24
143,3Y,"Rp1,423.49",12 Jun 24
144,1M,"Rp1,471.31",20 Jan 25
144,ALL,"Rp1,360.14",3 Jul 23
144,3M,"Rp1,467.76",6 Jan 25
144,3Y,"Rp1,424.79",19 Jun 24
147,5Y,"Rp1,401.89",23 Feb 24
144,YTD,"Rp1,471.31",20 Jan 25
145,3M,"Rp1,468.03",7 Jan 25
145,ALL,"Rp1,363.07",20 Jul 23
145,1M,"Rp1,471.31",20 Jan 25
145,3Y,"Rp1,425.85",24 Jun 24
145,YTD,"Rp1,471.31",20 Jan 25
148,5Y,"Rp1,404.12",5 Mar 24
146,1M,"Rp1,471.31",20 Jan 25
146,ALL,"Rp1,364.83",4 Agt 23
146,3M,"Rp1,468.03",7 Jan 25
146,3Y,"Rp1,427.52",1 Jul 24
146,YTD,"Rp1,471.31",20 Jan 25
149,5Y,"Rp1,406.24",15 Mar 24
147,ALL,"Rp1,367.83",21 Agt 23
147,3M,"Rp1,468.34",8 Jan 25
147,1M,"Rp1,471.31",20 Jan 25
150,5Y,"Rp1,408.48",26 Mar 24
147,3Y,"Rp1,429.21",8 Jul 24
147,YTD,"Rp1,471.31",20 Jan 25
148,1M,"Rp1,471.31",20 Jan 25
148,ALL,"Rp1,368.92",6 Sep 23
148,3M,"Rp1,468.34",8 Jan 25
148,3Y,"Rp1,430.55",15 Jul 24
148,YTD,"Rp1,471.31",20 Jan 25
151,5Y,"Rp1,410.47",5 Apr 24
149,3M,"Rp1,468.66",10 Jan 25
149,ALL,"Rp1,371.59",22 Sep 23
149,1M,"Rp1,471.31",20 Jan 25
149,3Y,"Rp1,432.21",22 Jul 24
149,YTD,"Rp1,471.31",20 Jan 25
152,5Y,"Rp1,412.54",16 Apr 24
150,1M,"Rp1,471.31",20 Jan 25
150,3M,"Rp1,468.66",10 Jan 25
150,ALL,"Rp1,374.88",9 Okt 23
150,3Y,"Rp1,433.13",26 Jul 24
153,5Y,"Rp1,414.08",26 Apr 24
150,YTD,"Rp1,471.31",20 Jan 25
151,ALL,"Rp1,377.33",25 Okt 23
151,1M,"Rp1,471.31",20 Jan 25
151,3M,"Rp1,468.66",10 Jan 25
151,3Y,"Rp1,434.22",1 Agt 24
154,5Y,"Rp1,416.00",7 Mei 24
151,YTD,"Rp1,471.31",20 Jan 25
152,1M,"Rp1,471.31",20 Jan 25
152,3M,"Rp1,468.66",10 Jan 25
152,ALL,"Rp1,379.95",10 Nov 23
152,3Y,"Rp1,435.45",7 Agt 24
152,YTD,"Rp1,471.65",21 Jan 25
155,5Y,"Rp1,419.06",17 Mei 24
153,ALL,"Rp1,383.57",27 Nov 23
153,1M,"Rp1,471.31",20 Jan 25
153,3M,"Rp1,469.33",13 Jan 25
153,YTD,"Rp1,471.65",21 Jan 25
156,5Y,"Rp1,421.48",28 Mei 24
153,3Y,"Rp1,436.68",14 Agt 24
154,3M,"Rp1,469.33",13 Jan 25
154,ALL,"Rp1,386.87",13 Des 23
154,1M,"Rp1,471.31",20 Jan 25
155,1M,"Rp1,471.31",20 Jan 25
154,YTD,"Rp1,471.65",21 Jan 25
155,3M,"Rp1,469.33",13 Jan 25
157,5Y,"Rp1,422.54",7 Jun 24
155,ALL,"Rp1,390.59",29 Des 23
154,3Y,"Rp1,437.96",20 Agt 24
156,3M,"Rp1,469.33",13 Jan 25
156,1M,"Rp1,471.31",20 Jan 25
155,3Y,"Rp1,439.36",26 Agt 24
156,ALL,"Rp1,394.10",15 Jan 24
155,YTD,"Rp1,471.65",21 Jan 25
158,5Y,"Rp1,424.79",19 Jun 24
157,1M,"Rp1,471.65",21 Jan 25
156,YTD,"Rp1,471.65",21 Jan 25
157,3M,"Rp1,469.33",13 Jan 25
157,ALL,"Rp1,397.28",31 Jan 24
159,5Y,"Rp1,426.87",28 Jun 24
156,3Y,"Rp1,441.10",3 Sep 24
158,ALL,"Rp1,400.53",16 Feb 24
157,3Y,"Rp1,442.56",9 Sep 24
158,1M,"Rp1,471.65",21 Jan 25
157,YTD,"Rp1,471.65",21 Jan 25
158,3M,"Rp1,469.33",13 Jan 25
160,5Y,"Rp1,429.38",9 Jul 24
158,3Y,"Rp1,444.39",17 Sep 24
161,5Y,"Rp1,431.59",19 Jul 24
158,YTD,"Rp1,471.65",21 Jan 25
159,1M,"Rp1,471.65",21 Jan 25
159,3M,"Rp1,469.57",14 Jan 25
159,ALL,"Rp1,403.95",4 Mar 24
160,3M,"Rp1,469.57",14 Jan 25
159,YTD,"Rp1,472.02",22 Jan 25
160,1M,"Rp1,471.65",21 Jan 25
162,5Y,"Rp1,434.02",30 Jul 24
160,ALL,"Rp1,407.30",20 Mar 24
159,3Y,"Rp1,446.19",23 Sep 24
160,3Y,"Rp1,447.20",27 Sep 24
160,YTD,"Rp1,472.02",22 Jan 25
161,ALL,"Rp1,410.47",5 Apr 24
163,5Y,"Rp1,435.73",9 Agt 24
161,3M,"Rp1,469.80",15 Jan 25
161,1M,"Rp1,471.65",21 Jan 25
161,3Y,"Rp1,448.44",3 Okt 24
161,YTD,"Rp1,472.02",22 Jan 25
162,1M,"Rp1,471.65",21 Jan 25
162,ALL,"Rp1,413.73",22 Apr 24
162,3M,"Rp1,470.11",16 Jan 25
164,5Y,"Rp1,437.96",20 Agt 24
162,3Y,"Rp1,449.61",9 Okt 24
162,YTD,"Rp1,472.02",22 Jan 25
163,3M,"Rp1,470.11",16 Jan 25
163,ALL,"Rp1,416.29",8 Mei 24
163,1M,"Rp1,472.02",22 Jan 25
165,5Y,"Rp1,440.29",30 Agt 24
163,3Y,"Rp1,450.88",16 Okt 24
163,YTD,"Rp1,472.02",22 Jan 25
164,ALL,"Rp1,421.24",27 Mei 24
164,3M,"Rp1,470.49",17 Jan 25
164,1M,"Rp1,472.02",22 Jan 25
166,5Y,"Rp1,442.82",10 Sep 24
164,YTD,"Rp1,472.02",22 Jan 25
164,3Y,"Rp1,452.35",23 Okt 24
167,5Y,"Rp1,445.60",20 Sep 24
165,3M,"Rp1,470.49",17 Jan 25
165,1M,"Rp1,472.02",22 Jan 25
165,ALL,"Rp1,423.04",10 Jun 24
165,3Y,"Rp1,453.27",28 Okt 24
168,5Y,"Rp1,448.02",1 Okt 24
166,ALL,"Rp1,426.29",26 Jun 24
166,3M,"Rp1,471.31",20 Jan 25
165,YTD,"Rp1,472.02",22 Jan 25
166,1M,"Rp1,472.02",22 Jan 25
167,1M,"Rp1,472.02",22 Jan 25
167,3M,"Rp1,471.31",20 Jan 25
166,YTD,"Rp1,472.29",23 Jan 25
169,5Y,"Rp1,450.02",11 Okt 24
167,ALL,"Rp1,429.91",12 Jul 24
166,3Y,"Rp1,454.72",4 Nov 24
167,YTD,"Rp1,472.29",23 Jan 25
168,1M,"Rp1,472.29",23 Jan 25
168,ALL,"Rp1,433.77",29 Jul 24
168,3M,"Rp1,471.31",20 Jan 25
167,3Y,"Rp1,456.39",12 Nov 24
170,5Y,"Rp1,452.35",23 Okt 24
168,YTD,"Rp1,472.29",23 Jan 25
169,3M,"Rp1,471.31",20 Jan 25
169,ALL,"Rp1,436.68",14 Agt 24
168,3Y,"Rp1,457.54",18 Nov 24
169,1M,"Rp1,472.29",23 Jan 25
171,5Y,"Rp1,453.96",1 Nov 24
170,3M,"Rp1,471.31",20 Jan 25
169,YTD,"Rp1,472.29",23 Jan 25
172,5Y,"Rp1,456.39",12 Nov 24
169,3Y,"Rp1,459.06",25 Nov 24
170,1M,"Rp1,472.29",23 Jan 25
170,ALL,"Rp1,440.29",30 Agt 24
171,3M,"Rp1,471.31",20 Jan 25
171,ALL,"Rp1,444.39",17 Sep 24
173,5Y,"Rp1,458.49",22 Nov 24
171,1M,"Rp1,472.29",23 Jan 25
170,3Y,"Rp1,459.94",29 Nov 24
170,YTD,"Rp1,472.29",23 Jan 25
172,1M,"Rp1,472.29",23 Jan 25
174,5Y,"Rp1,460.80",4 Des 24
172,3M,"Rp1,471.65",21 Jan 25
172,ALL,"Rp1,448.23",2 Okt 24
171,YTD,"Rp1,472.29",23 Jan 25
171,3Y,"Rp1,460.97",5 Des 24
173,3M,"Rp1,471.65",21 Jan 25
175,5Y,"Rp1,462.63",13 Des 24
173,ALL,"Rp1,451.35",18 Okt 24
173,1M,"Rp1,472.29",23 Jan 25
172,YTD,"Rp1,472.29",23 Jan 25
172,3Y,"Rp1,461.86",11 Des 24
174,1M,"Rp1,472.58",24 Jan 25
176,5Y,"Rp1,464.59",24 Des 24
174,ALL,"Rp1,454.72",4 Nov 24
174,3M,"Rp1,472.02",22 Jan 25
173,3Y,"Rp1,463.40",18 Des 24
173,YTD,"Rp1,472.58",24 Jan 25
175,3M,"Rp1,472.02",22 Jan 25
175,1M,"Rp1,472.58",24 Jan 25
177,5Y,"Rp1,467.08",3 Jan 25
175,ALL,"Rp1,457.88",20 Nov 24
174,YTD,"Rp1,472.58",24 Jan 25
174,3Y,"Rp1,464.59",24 Des 24
175,3Y,"Rp1,466.14",30 Des 24
176,1M,"Rp1,472.58",24 Jan 25
175,YTD,"Rp1,472.58",24 Jan 25
176,3M,"Rp1,472.29",23 Jan 25
178,5Y,"Rp1,469.57",14 Jan 25
176,ALL,"Rp1,461.05",6 Des 24
177,ALL,"Rp1,464.35",23 Des 24
177,1M,"Rp1,472.58",24 Jan 25
177,3M,"Rp1,472.29",23 Jan 25
176,3Y,"Rp1,467.76",6 Jan 25
179,5Y,"Rp1,472.58",24 Jan 25
176,YTD,"Rp1,472.58",24 Jan 25
177,YTD,"Rp1,472.58",24 Jan 25
178,3M,"Rp1,472.58",24 Jan 25
178,1M,"Rp1,472.58",24 Jan 25
180,5Y,"Rp1,472.58",24 Jan 25
178,ALL,"Rp1,468.34",8 Jan 25
177,3Y,"Rp1,469.33",13 Jan 25
179,3M,"Rp1,472.58",24 Jan 25
181,5Y,"Rp1,472.58",24 Jan 25
179,ALL,"Rp1,472.58",24 Jan 25
179,1M,"Rp1,472.58",24 Jan 25
178,YTD,"Rp1,472.58",24 Jan 25
178,3Y,"Rp1,471.31",20 Jan 25
180,3M,"Rp1,472.58",24 Jan 25
179,YTD,"Rp1,472.58",24 Jan 25
180,1M,"Rp1,472.58",24 Jan 25
179,3Y,"Rp1,472.58",24 Jan 25
180,ALL,"Rp1,472.58",24 Jan 25
182,5Y,"Rp1,472.58",24 Jan 25
181,3M,"Rp1,472.58",24 Jan 25
181,1M,"Rp1,472.58",24 Jan 25
180,YTD,"Rp1,472.58",24 Jan 25
181,ALL,"Rp1,472.58",24 Jan 25
180,3Y,"Rp1,472.58",24 Jan 25
182,3M,"Rp1,472.58",24 Jan 25
182,1M,"Rp1,472.58",24 Jan 25
182,ALL,"Rp1,472.58",24 Jan 25
181,3Y,"Rp1,472.58",24 Jan 25
181,YTD,"Rp1,472.58",24 Jan 25
182,YTD,"Rp1,472.58",24 Jan 25
182,3Y,"Rp1,472.58",24 Jan 25
